user_id,follow_pred,tweet_pred,label
727599735511490560,0.13318980038534875,0.3703470230102539,0
1237494489159208967,0.033672524650915366,1.006734848022461,0
1169826541183782912,0.5218139364028402,0.5869937539100647,0
143350695,0.053832420662459975,-3.3149638175964355,0
296410310,0.04804727023143738,-0.7093577980995178,0
988380055968665600,0.09675846867452656,2.1575582027435303,0
16024323,0.00036668567394933406,0.4591251313686371,0
363529473,0.22049540060005526,0.9729618430137634,0
4551798614,0.1290264129735453,1.9928797483444207,0
2898941057,0.2457999408682693,1.334091305732727,0
1064699303397130240,0.3045126376472676,2.2279088497161865,0
1018182129086291968,0.11868684217828762,2.0590775012969966,0
3798214512,0.10522867145784416,2.1624228954315186,0
410151321,0.006722205318211202,2.010173082351685,0
3363516911,0.1401646310862103,1.390597581863403,0
28763613,0.06891508934976112,-1.323733925819397,0
745027578801491969,0.06197661125165255,0.1866600215435028,0
4720908078,0.01819018299613118,-1.9677170515060425,0
942500570304262145,0.423971894752772,-0.22274722158908844,0
796532256915542016,0.1816186014164416,0.7664633989334106,0
19471651,0.010505808484895402,0.18888311088085166,0
4421977275,0.011551707685063342,1.1349331140518188,0
201551945,0.0005656657924746921,1.9255808591842647,0
63112528,0.009125024311509735,-1.640434503555298,0
1706101310,0.0015548630450848398,2.041827917098999,0
27938182,0.4771283792716706,1.7314920425415041,0
24058779,0.004897264512899654,0.5237428545951843,0
1476133082,0.10189627599960076,-1.108918070793152,0
57979327,0.11495870316230275,1.857901096343994,0
18245875,0.0885549563071483,-0.7777336835861206,0
4178587745,0.3913990248244132,-3.3687741756439213,0
981444908006469632,0.9312187835357436,2.021547794342041,0
749948269934116864,0.9993806701280604,0.3808874785900116,0
892704216,0.0011982204137135082,-0.4734836518764496,0
1029977214803238914,0.9185995783809672,-1.7477045059204102,0
19964117,0.17751086486908071,0.5164882540702821,0
2563616719,0.04758421901727842,0.13076786696910858,0
281628104,0.1119503847998183,-0.3597618639469147,0
47412686,0.04154085237551762,1.7537573575973509,0
983930727317241856,0.06751962565749321,1.8999345302581787,0
2616105211,0.017893264999933427,-0.8988671302795409,0
2512751221,0.07588400714204385,-0.6988232731819153,0
4549964292,0.02219213553961568,-3.376633405685425,0
934822800837275649,0.3168205362309773,1.0486626625061035,0
825842890718969858,0.055021464967571404,-1.4069920778274536,0
20338981,0.08240849710911723,-3.3240752220153813,0
2864164252,0.17268581774834454,0.11126237362623216,0
988917162118123520,0.236915467868602,2.1883931159973145,0
853608883536965632,0.046265399619539856,-1.0290046930313108,0
455429947,0.8203547757437888,-0.8014376163482666,0
148866506,0.0563297454392839,1.1927393674850464,0
44588100,0.02465185528322484,1.906074404716492,0
29979814,0.4369700651844365,-2.0272881984710693,0
16038939,0.023020196081228808,-0.5737223029136658,0
2891417835,0.08240849710911723,-3.426685333251953,0
49328633,0.9952770878025125,1.2912980318069458,0
2857815557,0.07546879930991696,-1.523220777511597,0
1423556738,0.7560149140900891,-0.5999428629875183,0
2245071729,0.012392878134910868,-0.13843274116516113,0
948332289657798661,0.07355923281628934,-1.636833906173706,0
242272079,0.12462535266242933,-1.4409455060958862,0
737252349765373957,0.18887065448452456,-1.1019983291625977,0
992149270399725568,0.9079762322679388,1.8016297817230225,0
326382274,0.9978375265068162,-0.4624220430850983,0
828610686112636928,0.5246674276468566,-3.3825671672821045,0
18076062,0.6097008255480098,-0.4768801629543304,0
401292873,0.9996928068960816,-3.413815259933472,0
1011873317479960577,0.9998801525919934,0.10522909462451936,0
216672577,0.98869970825718,1.836378812789917,0
2181113628,0.9437742862140918,-0.32605499029159546,0
142720807,0.005898632650166722,-3.3669676780700684,0
814686066376667138,0.2512232734746308,-1.7592443227767944,0
1000473468322926592,0.08240849710911723,1.4331868886947632,0
899825822072270849,0.003967718175731681,-0.013859059661626816,0
561016851,0.11848796845334565,-1.9995259046554563,0
973716012498653184,0.08240849710911723,0.0791243314743042,0
288368943,0.9338191070274504,-1.4175882339477541,0
467828212,0.06630463661856327,-0.6297608613967896,0
2724570331,0.9026291250896564,0.44174304604530334,0
974057051503685632,0.3587259994581889,2.252991914749145,0
21501875,0.000786056469388415,-1.662151575088501,0
124230401,0.09504636406486612,-0.9068986773490906,0
938262341992325120,0.06433597042768215,1.0857784748077393,0
17644123,0.057586213295387614,1.9829138517379759,0
841865131780935680,0.11836421364962822,-0.7416667938232422,0
2991031060,0.057703686751841225,-0.5395492315292358,0
2935599109,0.3740394496219117,-0.4657127559185028,0
21937199,0.11231032531328618,-1.9117337465286253,0
2835412194,0.4960808737719242,0.15660855174064636,0
382345021,0.07533666512661841,0.39351248741149897,0
468908295,0.017255319017286982,0.11680296063423155,0
4384451473,0.08771862441138145,-1.0647116899490356,0
615751539,0.999942131499718,-1.1144013404846191,0
3146592211,0.010739463037239137,-0.2263286709785461,0
4063957940,0.03471712313194844,-3.162806272506714,0
898248390978396160,0.4178716380864159,-3.3671586513519287,0
775166560151281664,0.06725133475000616,-0.37419393658638,0
2441905471,0.1235117377484762,0.12269307672977448,0
725031270774919168,0.01677332045995811,-0.7646974921226501,0
312587343,0.0006773286204620457,0.3127252459526062,0
2182709236,0.05708552150158616,2.032431602478028,0
3091934094,0.056065373638198295,-2.0460352897644043,0
945619472412536833,0.08240849710911723,1.956430196762085,0
2312460198,0.0954366071083908,-1.5414865016937256,0
2804775824,0.9996454307179792,-0.2576577365398407,0
3399527774,0.03507872552084284,-1.8376626968383791,0
833559079,0.022422592936462017,-3.3914568424224854,0
231940481,0.03358856830235925,-3.3899121284484863,0
272474098,0.6088805064704265,-0.953549027442932,0
2955597647,0.0845942720523023,-0.95092511177063,0
2909469176,0.016284080281260174,2.015978574752808,0
709741659907555329,0.11900069694597155,-1.0421152114868164,0
940215233259474945,0.071719742089537,-3.357736349105835,0
482490232,0.6109965047369771,0.41520240902900696,0
97142209,0.004240652125661092,-1.323733925819397,0
3246248581,0.08240849710911723,-0.5935218930244446,0
815716883433451521,0.08240849710911723,-3.3327693939208984,0
2763566517,0.0372212251283639,-0.4796639680862427,0
846862129533796354,0.09222057917222663,-0.7451478838920593,0
2185313416,0.0009005924955617074,-1.269035577774048,0
2339714023,0.11701697781206387,-1.6603004932403564,0
1430957773,0.007511171304754574,1.900684356689453,0
4304955860,0.11318361087206465,-3.33543062210083,0
1258410990,0.361154368889644,-1.093812108039856,0
832650549723959298,0.08240849710911723,1.75488018989563,0
20382242,0.05640188738751214,-0.6318132877349854,0
365748349,0.261965819354304,-0.9536316990852356,0
560881468,0.17857127608274925,1.2017287015914917,0
35578586,0.0372314412566064,2.169710874557495,0
771324316793180160,0.08240849710911723,-0.519306480884552,0
749393078474182656,0.5542452583382889,-1.3144354820251465,0
1019556037,0.9994062832861801,1.6283223628997805,0
1253159094,0.001627511769779372,-0.3632887303829193,0
904139436576743425,0.09317930314252433,0.12590482831001282,0
3885225561,0.0187660096417455,2.0064196586608887,0
905980277310111744,0.09411978669902607,-2.1021063327789307,0
109356216,0.015507250549470582,1.308880090713501,0
3386426313,0.0011294789721118554,-0.1999993771314621,0
747700178,0.08240849710911723,0.9362969994544984,0
20133,0.042836935810405416,1.0589971542358398,0
246328733,0.053474169462411215,-1.995748400688172,0
24404095,0.009699387830254421,0.021784836426377296,0
2282657958,0.06907908607897366,-1.1654329299926758,0
113520883,1.0,0.19748663902282715,0
1684571772,0.024312278778248046,-0.8230442404747009,0
885236448,0.06377168837298683,-0.1865696907043457,0
1037727307,0.08240849710911723,0.29263895750045776,0
936306042580951040,0.2207603609917806,1.5840905904769895,0
408608472,0.000912019957038656,-0.7847418785095215,0
18166340,0.06599294226098693,-1.1399482488632202,0
4755661213,0.05214847134801025,-0.6517572402954102,0
2317217045,0.0586091897377602,-3.3885402679443364,0
15465365,0.7972616481815545,0.4371130168437958,0
16896141,0.06902685628918978,-0.6572185754776001,0
2904877020,0.22134615402198105,0.8101512789726257,0
899479987182546944,0.014369268436435982,2.1122446060180664,0
61470287,0.08240849710911723,-0.3143945038318634,0
445077364,0.08240849710911723,0.902099609375,0
3355345034,0.014018011760317684,1.3998078107833862,0
721391543534415875,0.30107957009355885,1.4293183088302612,0
938988003782881280,0.08285846688259689,0.949476420879364,0
767686887209308160,0.08830485315410416,2.072623014450073,0
489604651,0.031960026356252245,2.0759644508361816,0
933187406,0.010191331436448944,1.0157841444015503,0
1620806257,0.9951571397906676,-0.26720499992370605,0
342976520,0.9234352526774596,1.3040401935577393,0
3706261634,0.5160281666780612,-2.7271249294281006,0
15749835,0.26177916159282066,-0.4162618517875672,0
2150187600,0.08240849710911723,-1.4878336191177368,0
854895607,0.048011383885998106,-0.10602603852748872,0
2502215220,0.030491779681551895,-0.8243036866188049,0
142913840,0.012614220130197215,1.2792726755142212,0
936356927499628546,0.4883063544579544,0.7051860690116882,0
893852965,0.054946016537738514,-1.0214971303939822,0
228896786,0.03358324360032559,0.4100708067417145,0
802925432639201280,0.7016212482829639,-3.1807861328125,0
837879742535651329,0.005397754991858579,-3.446917533874512,0
1345186555,0.01639325149498361,-0.7847418785095215,0
18814724,0.13090401625286732,0.789255678653717,0
25494610,0.019874050079123084,-0.6474282741546631,0
2881521050,0.09319156726756267,0.4855775237083435,0
793293987104686080,0.05260218406258487,-1.0707364082336426,0
976369772,0.17353977293857525,-1.874336004257202,0
2832626553,0.08240849710911723,-1.0800758600234983,0
736427107601911808,0.08654358251087478,-3.3702425956726074,0
20306916,0.007339605715536316,0.16861091554164884,0
114043752,0.007101163381144195,0.012731452472507957,0
2604441055,0.22320012819509014,-1.4667874574661257,0
526450357,0.03630564196105846,-0.11727607995271686,0
103953047,0.003342390846893821,0.9969430565834044,0
17026546,0.0004944374098167205,-0.3518967628479004,0
4038800713,0.009611381626546914,1.4133149385452268,0
852358966583582720,0.10445933128537244,-0.31652987003326416,0
497332109,0.12895404300568727,1.9617915153503416,0
872026959009730560,0.05147170386789732,-0.6263091564178467,0
14295026,0.08195394733385009,-0.5368723273277283,0
135815985,0.06300062913843191,0.455309122800827,0
415027531,0.08349289072524034,2.0225074291229252,0
2257349307,0.0067907120837131405,-3.3663027286529537,0
925819207484354560,0.017850350404591906,0.5695662498474121,0
2333493878,0.028956201426073126,-3.3655905723571777,0
1401226116,0.08523790581709452,-2.981327533721924,0
3075822829,0.0127752479481296,-1.2215049266815186,0
2766737671,0.03088701609462353,1.1830744743347168,0
80086150,0.9994579478980804,-3.353797435760498,0
2209552413,0.05644099862063606,-0.9559890627861024,0
804611842286841857,0.08240849710911723,-3.399813413619995,0
897530218855845888,0.21728941182882008,-0.9193971157073976,0
2159597785,0.08240849710911723,-0.25715523958206177,0
701897270,0.04530679212415658,-0.8884370923042297,0
3632044517,0.999999995583858,-0.9401925206184388,0
824109452,0.007476055957223088,-1.1702216863632202,0
3100393288,0.5370294327461516,1.926637530326844,0
3328846044,0.027062248116722608,0.621690571308136,0
46059944,0.2450920967455302,-0.16443748772144318,0
548958683,0.0024993625200757995,-1.1780511140823364,0
851995982300676096,0.14879011587800592,0.21655015647411344,0
225721728,0.6285914722291184,-0.5755442976951599,0
442414239,0.000830528309188862,-0.15308944880962372,0
752305473378983936,0.02606165288209415,1.733967900276184,0
24572463,0.016553441013918632,-1.1967557668685913,0
3235620482,0.5334342824060453,1.7491346597671509,0
254309142,0.4985825391317096,-1.232801914215088,0
2496049452,0.10201174662229914,1.7247157096862793,0
4165008557,0.02880299433776009,2.23136830329895,0
20367992,0.02232472134545854,1.6276406049728394,0
624223996,0.13895806119110954,-3.353466510772705,0
554881059,0.9908820081125496,0.6518127918243408,0
1131605570,0.5274630631830554,0.8561604619026184,0
14534467,0.13865934588060694,-1.155797839164734,0
1035906895,0.1673370466011018,-0.7945775389671326,0
2194990418,0.028727203789306807,-1.5815079212188718,0
15785309,0.08485564768823743,-0.3886142373085022,0
553316335,0.038717065781548335,-0.08342045545578003,0
1075435898,0.009361884787029144,-0.3628455102443695,0
3301108434,0.9755215062716828,-2.1532678604125977,0
155585042,0.00360005900435326,-1.6529583930969238,0
2361507678,0.01528970655436536,-3.3236007690429688,0
25929630,0.04299001988137272,-3.331799030303955,0
24148083,0.0031481962071739328,0.31138330698013306,0
841925832469827584,0.9956817968480892,1.0755696296691897,0
16107898,0.3040046517468534,-1.3322447538375854,0
823173385584803840,0.11890363361696644,-1.3730837106704712,0
5353512,0.0946271350775309,0.9697055816650392,0
2827435968,0.18942334907866493,-3.4251742362976074,0
16003507,0.001353585861965492,2.1531507968902592,0
398327660,0.9861820281089592,0.8091814517974854,0
1607078102,0.039494702876819526,-0.38750874996185297,0
3391799001,0.17438571607817238,0.7301614880561829,0
890599105008939009,0.03991169898107207,-1.0426828861236572,0
898727604601180165,0.08240849710911723,-1.7653406858444214,0
771995861060493312,0.011149909270619093,-1.4035441875457764,0
18146234,0.03560432599500682,-0.31892406940460205,0
26605299,0.024117752480728786,-0.06972463428974153,0
2315326596,0.08316350154471555,-3.247276306152344,0
25272739,0.6568122127246709,2.0841352939605717,0
2724727643,0.10802745420721156,1.043575644493103,0
4260080001,0.9905343022874352,1.1190552711486816,0
4635483981,0.3390315034360204,-1.216559648513794,0
84325799,0.08240849710911723,-1.5179697275161743,0
3237337686,0.048024644756531634,2.146737098693848,0
3183682719,0.10175240669350713,0.9058013558387756,0
793246524780216320,0.000329229995812302,1.6806386709213257,0
2340465924,0.00019495537501312946,2.0962276458740234,0
43346901,0.35756733808342256,1.1889103651046753,0
4829858071,0.4423614886308082,1.7913284301757812,0
166493787,0.002771315026397883,-3.1757924556732178,0
847707014251794432,0.10547525384192767,1.9369063377380369,0
343600277,0.020565717679411358,-2.0498609542846684,0
756645750973485056,0.11518758134664488,1.0200990438461304,0
204266399,0.05996623857755181,1.602521538734436,0
57827467,0.00988362491562772,-0.6615473031997681,0
825902726,0.16826300967642366,-0.02395542711019516,0
435255833,0.08240849710911723,0.03423910215497017,0
15974951,0.08240849710911723,-0.04849685356020928,0
733342016600444928,0.016037085038697232,-1.4002403020858765,0
14111708,0.0503446646222691,-0.5864604711532593,0
807814660045107201,0.14629085867062452,-1.114483118057251,0
788611118843453440,0.08240849710911723,0.385643869638443,0
539286107,0.09709736889475076,0.06492096930742264,0
742241733530918912,0.08072093217485769,-0.9806737303733826,0
926292139,0.08897843262951212,-0.4809830784797669,0
3419134939,0.08315728232080906,-3.3865354061126722,0
720125234,0.002056151613394463,-0.4911336898803711,0
17174513,0.6207160173651404,-1.0715991258621216,0
2808699166,0.4970543827986616,1.7472922801971436,0
773293398358974465,0.1961243509291067,1.850891351699829,0
1484341,0.4228018088739456,-3.399556875228882,0
170673312,0.11495708327180687,0.3379327356815338,0
1046130110,0.13353883811067965,-1.4436968564987185,0
1018438202,0.026601493500805137,-0.9833242893218994,0
865597008,0.10445933128537244,-1.3070605993270874,0
15215418,0.20047940834925174,-1.55925190448761,0
246864932,0.9999999999940308,-1.1299830675125122,0
718123780867035136,0.1839903510590971,1.664772868156433,0
792451950,0.3943913350106926,1.8225451707839968,0
60257844,0.014367024939194431,-0.14581425487995148,0
1394107646,0.08240849710911723,-1.5333633422851562,0
144542570,0.19149340341173604,-1.0489051342010498,0
1589940385,0.018092591991290933,-0.0990922600030899,0
68335857,0.976376072396694,-0.9047770500183104,0
313106944,0.08679892510578527,1.2577199935913086,0
81730778,0.00022490366305014776,1.6656029224395752,0
2900280418,0.030310782340106163,-0.9152345657348632,0
20641983,0.1198274479273634,-0.6050440669059753,0
221782225,0.0017414181593427734,1.1380934715270996,0
18349412,0.07127135061814123,-0.5287818312644958,0
811699860135170048,0.017706110641509433,1.8009843826293943,0
19604646,0.11486443015189088,0.09608085453510284,0
2702449304,0.044144825394869185,-0.5395833849906921,0
3388785461,0.8934097700356053,-1.745088815689087,0
5943512,0.11272582656371433,-3.249298572540283,0
18920716,0.09087231120285684,-0.5052980780601501,0
1013624094,0.0015834193434655852,-1.212120532989502,0
904520003004792832,0.08240849710911723,-3.362668514251709,0
462589563,0.05587418439384783,1.631987452507019,0
532536104,0.22305356452035616,0.4923594295978546,0
236064662,0.09934337536851157,-0.5171165466308594,0
1135011900,0.16379993701484324,1.81274688243866,0
97769756,0.02537349221967292,-3.3045828342437744,0
3226573185,0.08240849710911723,-0.8864803314208984,0
1028041303,0.9999925777858653,-0.1738610863685608,0
1072471465,0.08747846704299139,1.7872295379638672,0
2325578831,0.00912773120985338,-0.4884982109069824,0
17884285,0.6026923131910081,-3.361003875732422,0
455306032,0.02271725944224167,-3.3333740234375,0
16033835,0.0914267353343141,2.132305145263672,0
166186501,0.0716386622922236,-3.3558499813079834,0
262735521,0.6419994383283847,1.7639260292053225,0
2603390468,0.007266127298196981,-3.4223129749298096,0
793251779483996160,0.9103455913300424,-0.7763668894767761,0
323932399,0.07790136277550191,2.129425048828125,0
866135537991770112,0.08240849710911723,-1.1502877473831177,0
2392091424,0.08349004297774587,0.6701256036758423,0
16111360,0.01889559115561437,-1.503594160079956,0
2222289565,0.42538070140681855,2.075054407119751,0
494981165,0.3563431477691664,-0.15194664895534515,0
935868308,0.021454860728658785,-1.0230180025100708,0
477274908,0.08240849710911723,0.07282363623380661,0
1688676452,0.11999313481048765,-3.2755494117736816,0
2718102528,0.03563622452847478,-0.5704828500747681,0
729646638,0.0260077019399049,-1.2620772123336792,0
334537972,0.022208848184573783,1.6481064558029177,0
488805620,0.028177789224070163,1.0378283262252808,0
227548634,0.18104244987785406,1.7372000217437744,0
367975604,0.13443776138909852,-1.3892594575881958,0
859935714963734531,0.08240849710911723,-2.547801971435547,0
2628472040,0.06667711797124744,-1.5761617422103882,0
2595425911,0.08441218798261102,-3.3332018852233887,0
826882100947251200,0.202522479431858,1.91282057762146,0
740206796531486720,0.7102045442813191,0.35992711782455444,0
386814685,0.023808588941687657,-2.0259952545166016,0
747070135618375684,0.0953684289717744,1.3875441551208496,0
4889933325,0.08240849710911723,-3.019270658493042,0
1483633128,0.045239749899663104,-1.9361652135849,0
3108457148,0.938968030557329,-1.743784785270691,0
2310957528,0.3942608842495415,0.29385167360305786,0
725757257892417540,0.057355280688478776,-1.7495882511138916,0
141726898,0.437261386796156,-0.7891154289245605,0
854189316,0.03479667741651273,0.9343006014823914,0
20946303,0.022329182547746542,-0.7926990985870361,0
1674847772,0.0013535859819557602,-0.2393676042556763,0
20081305,0.317292351262673,1.418100357055664,0
499246898,0.08240849710911723,0.051144499331712716,0
29134825,0.02211690395126133,-1.8508948087692256,0
801038539240722432,0.08240849710911723,-3.4364011287689213,0
833410598071214080,0.03521547747357538,-1.6280715465545654,0
4896539946,0.15430033101841448,-3.3574211597442627,0
939289182,0.047286500241244686,-0.6836912035942078,0
702277819691200512,0.009679247189067328,-1.2474191188812256,0
95314316,0.04147940482046853,0.01664081774652004,0
1385638159,0.08590246269363967,-0.8784037828445435,0
797895868544417792,0.07035797365024728,-1.0054839849472046,0
588596224,0.04625441737519003,0.780753493309021,0
2869741621,0.9999993083653864,-0.09527848660945892,0
83678633,0.2103588210069597,0.9964320063591005,0
21136766,0.09188614277021936,0.8583730459213257,0
3032145463,9.929812230658341e-06,-0.39984479546546936,0
303321311,0.6020034237562505,2.2144453525543213,0
2372349740,0.07841484458728698,1.7114044427871704,0
2772452934,0.04590086438169655,1.903713583946228,0
4253689693,0.057355280688478776,-2.2760231494903564,0
1370387833,0.8934025419351029,2.113311529159546,0
877327492847198209,0.16193248962749227,-1.5908608436584473,0
35629382,0.008144934150397404,0.12504397332668304,0
312254844,0.38353383491994414,-1.1075208187103271,0
834854458748178432,0.2824854011309259,1.2930631637573242,0
33715583,0.021329117125118816,-1.5270363092422483,0
4919309414,0.027188864366728124,-0.3205081820487976,0
79895445,0.35241399906294024,-0.7011469602584839,0
344463100,0.17978786813813113,-3.4261445999145512,0
892322923293286400,0.4520855867465859,-1.8260066509246824,0
4024597923,0.9999999999822948,-0.7468808889389038,0
18645309,0.06321929198667901,1.999498963356018,0
898984269548277761,0.08240849710911723,-0.416883796453476,0
2848068273,0.1932459921127264,1.979828953742981,0
264861670,0.16768192643454286,-3.3387222290039062,0
445026816,0.4802753858032762,-1.7376348972320557,0
763513407882473472,0.08098493533567779,-0.08873283863067627,0
2299828074,0.0703394406538688,-3.33567476272583,0
918266293903601665,0.08240849710911723,-0.933025360107422,0
752134781593325568,0.21733232899585764,0.24334749579429624,0
1697519570,0.019930174813546392,1.392933964729309,0
777556442895134720,0.0788479448958742,0.5023992061614989,0
1494554778,0.018411163773339508,-2.4207873344421387,0
730616695237185536,0.0563549795344513,1.1847325563430786,0
217754073,0.24096503752964296,0.5680293440818787,0
875664133416304640,0.106507549532053,-1.6410197019577026,0
464837728,0.02743262594239355,1.0206966400146484,0
15815772,0.01118990222061831,-0.6252617239952087,0
810311376895819776,0.16326608042520133,-0.5187153220176697,0
706937305735557123,0.07190320067928313,-3.362553834915161,0
223222713,0.12325396927165425,0.013388543389737606,0
631089809,0.08240849710911723,-0.8507910966873169,0
490871541,0.10269109527190713,0.2566682994365692,0
1390339010,0.07826049681958692,-0.4363671243190765,0
811061004,0.9996872399299154,-0.8447003364562988,0
112666923,0.0035892672597874,0.024458948522806168,0
2797166390,0.01434836992302151,-0.4737569391727448,0
774426210,0.11146736971047322,1.889692664146424,0
14333624,0.092298917167391,-1.2620843648910522,0
6466252,0.004045236187447292,-1.945980668067932,0
85661038,0.06592228187513204,1.0144246816635132,0
731491916605456384,0.08240849710911723,-2.585498332977295,0
438398480,0.747050684996781,1.038847804069519,0
211687612,0.30312507648331266,1.486380100250244,0
25960019,0.037967969853903986,0.8658913373947144,0
210312678,0.07200422101624662,0.20855994522571564,0
809884817173151744,0.040273678058775436,2.2100844383239746,0
387226883,0.0014880687671001427,-1.223778247833252,0
2877982095,0.04423802189404034,0.7396690249443054,0
30457138,0.8768902382554068,0.5914615988731384,0
861714516,0.10465128440242874,1.1636440753936768,0
146451707,0.99843761800619,-1.3074499368667605,0
726201472262664193,0.9999994035328692,-1.1656379699707031,0
173217879,0.06150219313384566,2.05566954612732,0
624976665,0.036010891649299534,-0.9032790064811708,0
854050928693043200,0.1012088282267652,-1.6739071607589722,0
601120192,0.08240849710911723,-1.3596858978271484,0
4024900204,0.08240849710911723,1.5704559087753296,0
23946870,0.9046143084894,-0.7847418785095215,0
894003546995032064,0.08240849710911723,-1.5760561227798462,0
35850022,0.038295015237359405,-1.4412194490432741,0
2466017750,0.33493364976066714,-1.8991522789001465,0
499178824,0.4822186842777146,-0.5601024031639099,0
2879051030,0.55080671768935,-0.2870313823223114,0
712993644886827008,0.06411073498232013,-3.3790619373321533,0
20123698,0.31282702300805143,0.2665450274944305,0
31524966,0.04214299818324477,-2.7632365226745605,0
3067016954,0.048615001553392316,0.8077163100242615,0
806677,0.10249841572983837,-3.3593435287475586,0
2854399242,0.02570448119415349,0.09739098697900772,0
3311367944,0.04183837018462727,-1.0294984579086304,0
333818723,0.012230506692303005,-1.5637555122375488,0
3150925447,0.013519118027842229,-1.1036906242370603,0
3313938135,0.11418945647174206,1.7059853076934814,0
153875560,0.05144870774794684,-1.1308746337890625,0
2342199379,0.03070919881318235,-0.4342636168003082,0
168508680,0.15585582779368365,1.4630393981933594,0
109277375,0.8876499829046369,-1.5028527975082395,0
317219874,0.0008992927882761713,-2.3962931632995605,0
1706272255,0.08240849710911723,-2.756455659866333,0
791819958107844608,0.030512921099602082,-0.1993187963962555,0
757790446714138629,0.007449715061781373,-1.8173081874847408,0
15757099,0.04349282764288437,-1.2441022396087646,0
25108476,0.06358308668695342,0.19621984660625447,0
3040585539,0.0566733721641634,1.92749285697937,0
2871815369,0.3338625750698375,-1.6765178442001345,0
63838735,0.3683226329899083,1.879027724266052,0
332280370,0.11094177830804183,-3.3551199436187744,0
371458003,0.009397999809768643,-0.8784037828445435,0
1661014734,0.07583106114607274,1.3495537042617798,0
2826956971,0.9302328526057017,-0.11305096745491028,0
898143497152278533,0.6816228222106492,2.1492512226104736,0
703052137,0.9999964085097024,1.2411723136901855,0
739707622832656385,0.0784726309834141,2.090970277786255,0
2389613046,0.035686450870558994,-0.7833640575408936,0
717748238959312896,0.08967572672632337,-0.4465385973453522,0
841683072861011968,0.9999999816529721,1.31777024269104,0
148391933,0.17442755560378814,2.204988718032837,0
2887979913,0.08240849710911723,-1.358283281326294,0
256910790,0.640508542506953,-0.8784037828445435,0
927952798301544448,0.12758649782022732,-0.9634123444557192,0
114480485,0.1832111326393572,0.2620016634464264,0
21164689,0.016271597242044532,-1.5474903583526611,0
71669770,0.12441588233709565,0.027527403086423874,0
946680132,0.02878376421746476,-0.6732001900672913,0
2787161994,0.1282667760125976,-1.1617467403411863,0
15837392,0.13870059869969345,-0.43056580424308777,0
572561537,0.3898748283721971,0.7207047343254089,0
3151678025,0.1011926840886136,-1.224198579788208,0
26911193,0.7246005239289323,-0.7181925773620605,0
2440810602,0.00363111940424103,-3.3829569816589355,0
1418119297,0.12432766749247312,0.3498913645744324,0
22245475,0.9668266823851044,-3.3440673351287837,0
3097988169,0.09751309170291436,-0.561139702796936,0
779719207680258048,0.20172600146583367,0.9475547075271606,0
67371310,0.01943561921918224,-0.14931459724903107,0
2882987130,0.07728259804429774,2.0988874435424805,0
274843910,0.3753561844628661,1.5985897779464722,0
1677884888,0.8721214240135601,-1.438233494758606,0
2649418544,0.07953098889529632,0.4093093574047089,0
2594383987,0.08240849710911723,2.232874870300293,0
2953043526,0.08651846209102491,-1.0390080213546753,0
501125237,0.007939087691017142,-3.3516530990600586,0
1369707187,0.08240849710911723,-1.0235269069671629,0
106497798,0.2029573874638997,-0.5532112717628479,0
729707687638933505,0.08079314208566357,-0.8277572989463806,0
257158060,0.06482270063447718,1.8446577787399288,0
412901559,0.1733723513545133,-1.565047025680542,0
600485198,0.04369350833932797,1.668507695198059,0
2259830090,0.031883639132617624,0.8613014817237854,0
570183620,0.11333013647871425,0.20656190812587727,0
760160171184234496,0.27784619376102243,-3.4046127796173096,0
2244817052,0.041030395196186856,-0.663201093673706,0
2781488669,0.08240849710911723,0.7760704755783081,0
3241033957,0.10445933128537244,-1.0679798126220703,0
109020929,0.1337790374701631,-0.3862283229827881,0
791749883300634624,0.05214054335691051,1.2084589004516602,0
811895904,0.16335888316996575,0.7027035355567932,0
749394378490310658,0.0300464906221488,-3.278640031814575,0
225898001,0.018567700364529743,0.02593355625867844,0
2292597247,0.971258387668672,-0.9656660556793212,0
4152665356,0.3390706595808133,-1.67817223072052,0
1171048452,0.12135459823001045,-3.376311779022217,0
14792263,0.17811281168783846,1.116789937019348,0
2733675473,0.7690708573641226,-2.448866605758667,0
866251627610636288,0.2188287169845054,-3.346491575241089,0
3057063262,0.9999960005743208,0.14322392642498016,0
3401706856,0.05965569148708705,-0.2944171130657196,0
846477156276469760,0.8432979947603169,2.2318708896636963,0
806910517289910272,0.8320979207962533,-0.060577008873224265,0
18597798,0.021919035957519508,-0.12691478431224826,0
580419055,0.031193272804510917,-0.5234153866767883,0
2773492156,0.03386066461056512,-3.3627932071685787,0
630876343,0.0873670470842346,-0.4928658902645111,0
3247613577,0.014374305190967185,-1.837779402732849,0
930376591,0.010648500434348241,0.5106601119041443,0
1265895577,0.05118876000650548,-0.2433610409498215,0
521830835,0.047418511615768086,2.1152086257934566,0
756521577831731200,0.014426826933027815,1.0328582525253296,0
705357301,0.11318332969010834,1.8786044120788568,0
2503426262,0.08240849710911723,1.2918875217437744,0
718795518432931840,0.0445011147113708,-1.1809780597686768,0
1311218586,0.20610972756625395,0.04244539141654968,0
24105586,0.08240849710911723,0.005184016190469265,0
728377369552166913,0.0948237654037862,1.984219193458557,0
414355144,0.05221453349221703,-3.3750829696655287,0
1483744693,0.08240849710911723,0.3131788372993469,0
720503941889454081,0.12272086857173015,-1.992354154586792,0
719253803011293184,0.03625253133177052,-1.5482378005981443,0
589672291,0.002157127673303021,-1.7536720037460327,0
73750657,0.34371378540428793,2.012784719467163,0
755887193181212673,0.138031371600896,-2.287484169006348,0
2751167533,0.08240849710911723,-0.7629908919334412,0
2212879538,0.07891450686213956,1.5618323087692259,0
14680512,0.12169808466861365,1.0349881649017334,0
49629518,0.06010604731721121,-1.9961900711059568,0
22202735,0.1043249652246071,1.8210920095443728,0
319128148,0.05472135918805242,1.1003724336624146,0
29092855,0.0223704915375513,-3.3608205318450928,0
18891096,0.18026611540736195,-1.2605034112930298,0
2366569213,0.012486862022848957,-3.319475650787353,0
2975331393,0.05510190208012648,-1.3120802640914917,0
16587753,0.07839126213165784,-0.10876960307359697,0
139206597,0.05537730606245392,-3.3938746452331543,0
214186777,0.011425793368519285,1.7219388484954834,0
190171995,0.07542917206875356,-0.9151599407196044,0
207856269,0.14142970328161494,-3.3653509616851807,0
621341939,0.3726394042492556,0.7339329123497009,0
2348794291,0.04230357932427793,0.6069748401641846,0
303438478,0.7044830450444516,1.1489397287368774,0
32901267,0.04666921739655558,-2.2433581352233887,0
2648833058,0.14351558787154592,-1.0339338779449463,0
1317726559,0.1079120404935638,-1.1859568357467651,0
582174743,0.4436166963997366,0.8246632814407349,0
1569325242,0.05851660044198573,1.6454100608825684,0
3282212594,0.16787968100203954,-1.370402693748474,0
392935783,0.8633076309395108,-0.6252617239952087,0
186928975,0.12540074548285987,1.1865798234939575,0
4712264786,0.048608697555724466,-0.189408615231514,0
2204688295,0.10605386094362836,-0.535772442817688,0
14672158,0.2704649919576932,0.473866730928421,0
496746480,0.13838555930721055,1.1210697889328003,0
4836042373,0.16865128865840204,-1.1054538488388062,0
2764966536,0.08240849710911723,-0.9607906937599182,0
3304390810,0.011459816396070749,-1.2066524028778076,0
217622818,0.01724108644753697,-2.248340129852295,0
3785761999,0.05087772410752725,0.2801451086997986,0
102581124,0.4681580557856333,-0.08605301380157471,0
23846403,0.9999979245059256,1.8923186063766482,0
222006525,0.039977794501481284,0.5228049159049988,0
458988076,0.047982780157570425,-1.3791447877883911,0
1007982733,0.6704954491957783,-0.5555812120437622,0
4092887667,0.09477383870841524,1.366675853729248,0
803660942638714881,0.2862117086730553,1.402463674545288,0
738898319934644224,0.08240849710911723,1.829253077507019,0
858158798254608384,0.08240849710911723,1.3870645761489868,0
59313504,0.08823874964881159,-0.8805952072143555,0
5940622,0.05503873593092517,-0.6654710173606873,0
3434775875,0.07189004036514643,-3.3797531127929688,0
715656121088913408,0.0050957023127933855,0.2752868235111237,0
3191222901,0.03887816274466053,-0.3251371383666992,0
1544767956,0.04540919238285699,-1.7195885181427002,0
716602844825169920,0.0009743762550922104,0.9834149479866028,0
1227902605,0.2009963427073304,-3.308878183364868,0
19167359,0.2679230366677896,1.7114238739013672,0
1737902904,0.08240849710911723,0.1767185628414154,0
41505342,0.4492758317905318,-0.21380263566970825,0
2199530480,0.08967572672632337,0.3524262309074402,0
2231674538,0.08240849710911723,0.11128849536180496,0
276322457,0.1451222638345447,-3.26647424697876,0
2245824840,0.0392667460511314,-1.453419804573059,0
47513924,0.10719576927931904,-1.277169704437256,0
730095106666029057,0.02225346231074263,-0.9101135730743408,0
763029287675039744,0.44211202867217547,-1.323733925819397,0
888265387292246018,0.08240849710911723,1.2955795526504517,0
3655504825,0.6121231611076171,-0.8005784153938293,0
1269800389,0.01948589592512756,-3.349654197692871,0
716699408,0.030117876603479032,-1.447772979736328,0
1157935892,0.28913109269282444,0.3538981378078461,0
478686514,0.12129114160368205,0.6415066719055176,0
2321410993,0.053123015816691516,-3.303727149963379,0
338457745,0.3002988995521511,-1.4563033580780032,0
2374397258,0.024866580853707028,1.184855818748474,0
298707287,0.04721283941245899,-0.3903813660144806,0
2922975861,0.1738769159832771,2.1582369804382324,0
632292241,0.06120295105665621,-3.372260570526123,0
723901871333625858,0.0009660491586648963,-0.9103337526321412,0
66502631,0.06060878320460185,-1.3672398328781128,0
423172989,0.06349942043148138,-1.118298888206482,0
391125804,0.11915309380631985,-3.3505330085754395,0
374164987,0.3376758066958921,-1.954335331916809,0
861246079773405184,0.014128484903546313,0.001538080396130681,0
441217202,0.8723088263111041,0.693670928478241,0
424087650,0.9999999999960348,1.2239420413970947,0
384300941,0.3299013334715707,1.310346245765686,0
265652034,0.03512626705234838,-2.866319179534912,0
340028968,0.10235152049238047,0.3420594930648804,0
74301830,0.2475781494162187,-0.9676783680915833,0
258338711,0.0011388047791287099,-3.1278746128082275,0
245539297,0.9893463828439132,-3.3205537796020512,0
2367642620,0.3058003757578014,-1.7437895536422732,0
386963383,0.0525531358502264,-1.9093443155288696,0
544149557,0.03749284575415543,-3.332947969436645,0
12393252,0.3209255223637347,0.07805675268173218,0
50545593,0.0042163504456361415,1.6989983320236206,0
755248988710965248,0.9196683775926728,-2.8920671939849854,0
756123045010505728,0.9546378041547458,-0.227312371134758,0
25444353,0.9641174210535972,-3.2431395053863525,0
2559582534,0.3893353189733902,-3.2237441539764404,0
15904596,0.034203268746667376,1.7855677604675293,0
262121244,0.8708505932362649,-0.05771324783563614,0
1394630354,0.2165815320837073,-0.4076978266239166,0
13916102,0.09452738679365187,-0.27491939067840576,0
849653388,0.9923749162020556,2.1454634666442867,0
16391016,0.04794895787911296,-2.049536943435669,0
391666843,0.14050097744382498,1.9893952608108518,0
494546866,0.009775372991425729,2.2399744987487797,0
1044661,0.7984848809848231,-0.17815014719963074,0
3568868062,0.08650771603504005,-3.342240810394287,0
1533321164,0.04485483678165697,-0.6544303297996521,0
2418936334,0.012023259771357393,-1.6406190395355225,0
429595066,0.004600793199014998,-0.4199117124080658,0
284002988,0.11135995390893202,-0.030945496633648883,0
3832221380,0.014977001485778484,-3.3096833229064937,0
825838629171916800,0.17321366545073752,-0.7847418785095215,0
1677165145,0.0554998317943387,-0.7114455103874207,0
18912211,0.9429550379165308,1.6959140300750732,0
14974294,0.06306935906605783,-3.249141216278076,0
3398360807,0.8136275759382701,-2.1001808643341064,0
3504946035,0.013767956445946064,-1.8278363943099976,0
1056123570,0.0006248111999382107,-3.3348903656005864,0
213504150,0.5707385962519127,-1.512519359588623,0
4307460612,0.6041303812165956,0.8477621674537659,0
4883566904,0.14506896129676589,2.1454634666442867,0
168814978,0.10311457880986546,2.14727520942688,0
2560886003,0.4033503125596652,-1.32874858379364,0
253446889,0.031064054038528563,-0.6115132570266724,0
286374328,0.042842443345264825,1.175390601158142,0
588035789,0.0015820377337290366,0.3918127119541168,0
365825598,0.03802755023379688,-0.08537288010120392,0
12004542,0.03584654911432878,-0.04822970181703568,0
871459960638636034,0.06466016118925233,-1.1636481285095217,0
46292343,0.010743080947991132,-0.9148393869400024,0
188548533,0.04244870256182655,-0.9499854445457458,0
279212858,0.020449040657925136,-1.0490529537200928,0
3146704058,0.3833823241475549,-1.7907038927078247,0
1129792124,0.027799626698717127,-1.959419012069702,0
246995886,2.4409426864079528e-05,-3.333215951919556,0
9724622,0.18971983571267886,1.3949263095855713,0
3131639705,0.1649837579487527,-1.3756992816925049,0
4853761685,0.97049516827547,-1.050911545753479,0
4363154540,0.025435267103077586,-0.4668574035167694,0
604029367,0.7818497692803899,0.1378946453332901,0
2247798150,0.07181996703307861,1.8103059530258176,0
40384076,0.043580329146780304,-0.013126992620527744,0
3327636691,0.009234605086098859,-3.390455722808838,0
449798277,0.09949887820999803,-1.309819221496582,0
4273587372,0.1144404267557492,1.6111831665039062,0
1444157924,0.16123422834968204,0.9275858402252196,0
2316649802,0.08650450115273031,-1.1454379558563232,0
200701960,0.3051531779760385,-3.1621108055114746,0
203648728,0.1280392019082138,2.1150171756744385,0
185740171,0.3703155099323016,-0.8784037828445435,0
4822394521,0.10725188624784003,-0.4796470105648041,0
1273204190,0.03035324033200624,-1.3316650390625,0
730842031291916288,0.07740797735163857,0.8725396990776062,0
323161737,0.0976793762148198,1.924031376838684,0
3082333215,0.2123708482994001,1.8073388338088991,0
20075102,0.640196498652777,-1.2608397006988523,0
2941457288,0.08240849710911723,-3.170018196105957,0
4756390813,0.00758248814760063,-1.9140328168869016,0
503753833,0.07460302837489145,-1.7937110662460327,0
2718560336,0.01851942898377761,0.1445542424917221,0
3033268564,0.05080166995364018,-1.5028527975082395,0
847144718760890368,0.1066104787109675,0.3624692261219025,0
2970770937,0.013270009118521695,1.0153568983078003,0
1621904653,0.03174981350062765,-0.8540521860122681,0
2743392326,0.5390755893373453,1.8298083543777464,0
3010748454,0.02527651519621713,1.7372612953186035,0
567594424,0.188819716776242,-0.5539988875389099,0
1464861949,0.0007499244657270963,-0.8239683508872986,0
4787372613,0.09035003716232776,-2.296383619308472,0
1687626085,0.4686690431997189,-1.4476430416107178,0
3029555695,0.007766131511714776,-0.41126033663749695,0
800322,0.0242742890861656,-0.7124851942062378,0
709201467228303361,0.13022041561053652,-2.315087080001831,0
45289839,0.045109835699121865,-1.1370879411697388,0
842727464,0.020333403625055948,1.0902727842330933,0
395790313,0.013231331427220269,2.170154094696045,0
280794982,0.3685178025509869,1.7364656925201416,0
24190596,0.17894909298312436,-3.38541841506958,0
132002145,0.020183560346750125,0.8440832495689392,0
767410396772855816,0.03594040528217333,-1.3550007343292236,0
2335734841,0.9988861117353804,-3.217609405517578,0
547670327,0.19433734591045995,-0.3557856380939484,0
197884528,0.04352884299319525,-3.387240171432495,0
854030805106130944,0.05260218406258487,1.9341483116149905,0
2166415653,0.030251106633431318,-0.4014919996261597,0
774217530206412800,0.002292826639653441,0.03239535540342331,0
533354234,0.017996521722411375,-2.7825474739074707,0
715308418446311424,0.11136449356696916,0.4932436347007752,0
176891442,0.2704520585002202,1.6614186763763428,0
22189904,0.04408100347364901,2.250943899154663,0
749838738,0.06542867238614969,-1.706896185874939,0
1244777868,0.2290700779044184,0.6530125737190247,0
28175687,0.02688367112842417,-0.9493870735168456,0
1532891544,0.0731786258805504,-0.8392687439918518,0
989941706,0.0692169316778375,0.06470104306936264,0
2243644997,0.021319948541686624,-0.8551705479621887,0
14726609,0.04768223150983331,-0.8784037828445435,0
519876517,0.22133203858620185,-1.2106772661209106,0
144075305,0.11395667265147842,-3.374321460723877,0
986039370,0.08023641910227343,-1.5335240364074707,0
45421531,0.004151165997030522,-0.9514915943145752,0
764523678663004160,0.0033526095842056802,1.984762072563172,0
715326512,0.019364222354625118,0.9317902922630308,0
32821348,4.033613312993508e-05,-0.9390036463737488,0
110897882,0.11542349835065127,-0.7015770077705383,0
131689960,0.015482819711579691,-1.871767520904541,0
64749746,0.019440579074723286,-0.7847418785095215,0
117026889,0.16236287048051465,-0.4446847140789032,0
852254513457119232,0.04033165349376658,-3.3958158493041988,0
847515628974100480,0.04805332981585746,-0.9575144052505492,0
3400630239,0.029889086899827326,-0.14172933995723724,0
21805300,7.061834936926589e-05,-0.9553151130676272,0
2243064474,0.9988863022806496,2.172552585601806,0
440625286,0.00521482154284781,-1.5566823482513428,0
904037107,0.7954023342280361,-0.9220522046089172,0
3311900226,0.8773568635846565,-0.1638007014989853,0
1332790704,0.055904208021624685,-1.647247076034546,0
1645118712,0.04335521274570811,1.7728210687637331,0
878384864092991489,0.06975613456093234,-1.1929960250854492,0
1143673459,0.0037580432295743343,-3.3765077590942383,0
72064773,0.006757727283392109,-1.462560534477234,0
18076044,0.019163483157845485,0.6855162382125854,0
2206871935,0.07270523205248107,-1.7375433444976809,0
2349500070,0.014519694728318572,-0.5072338581085205,0
783814765185474560,0.05485384107090577,-1.2690308094024658,0
4238447447,0.007718379214308402,2.122387647628784,0
15640033,0.985324630643722,2.147616147994995,0
253809805,0.00031875311334067616,1.359758734703064,0
4740401665,0.19137244561278,0.6730136871337891,0
70978507,0.010555369583165813,2.031952381134033,0
2748204897,0.08941619698007276,2.0888714790344243,0
3506088321,0.014227654905264148,-2.8429081439971924,0
1556447900,0.011492534234103848,0.1898680031299591,0
885489264,0.03962218800571195,0.9761669039726256,0
14914716,0.008402747821104794,-3.0099432468414307,0
2192545979,0.7221239774569961,-0.7939486503601074,0
16952964,0.1657451794608673,-0.9786031246185304,0
16779119,0.3699875819106616,-0.5700291991233826,0
22520029,0.9835004411010924,1.5461392402648926,0
22245547,0.10589278186151624,0.6637725830078125,0
566927421,0.2458125418655975,-3.432608366012573,0
1052574536,0.021654122211623147,0.5611845850944519,0
29508496,0.17251767418927588,-1.9233245849609373,0
169152727,0.4230536999845553,-0.9405326247215272,0
81161393,0.0907729521316528,-3.3651151657104488,0
269003535,0.04926833544163956,-3.2194573879241943,0
777936693340975104,0.10445933128537244,0.737023651599884,0
2734662527,0.13672708584519294,0.26267245411872864,0
2736342827,0.06206655613920827,-2.0129122734069824,0
8063812,0.17161804795556362,0.1892205625772476,0
4095738553,0.10831098710516887,-0.500285267829895,0
557203484,0.4072961215032946,-0.4579280316829682,0
63100792,0.0718211060840931,-0.16644762456417084,0
65900527,0.027641641070140315,-1.073436617851257,0
3677256886,0.0788479448958742,-0.036408938467502594,0
543143031,0.08901821569968445,0.15458662807941434,0
1046630676,0.05374127751395821,-3.377547264099121,0
3231455149,0.06546474582358129,0.314046323299408,0
862364532504580097,0.847401396446712,-0.6357949376106262,0
702215172568571904,0.04881053486314915,-0.6691091656684875,0
1015691772,0.018182492663641,0.6532129645347595,0
15384197,0.03913289944964104,-0.5862448811531067,0
2998880741,0.0696944312035093,-0.42572852969169617,0
853865663160627200,0.08240849710911723,-0.9432619214057922,0
33300828,0.0027855767526734896,-3.209153175354004,0
16076748,0.14169020652157194,-0.3065982460975647,0
892030040929599488,0.4740295618536172,2.0741872787475586,0
2154252790,0.09378924530868456,0.8122537732124329,0
435641243,0.013387583429035805,-1.212507963180542,0
3084171618,0.014120069291328316,0.043658964335918427,0
724990334300770305,0.1805531499895313,-0.7849091887474059,0
892378214521344000,0.030412394928043013,-1.1566544771194458,0
11241592,0.04419624446458263,-0.022831238806247708,0
18256552,0.5182344365387331,-0.8784037828445435,0
47930281,0.08240849710911723,-0.4678598642349243,0
22405869,0.01457225608455911,0.3440781533718109,0
76906787,0.11259996777459713,1.2321763038635254,0
708253567,0.08680209783932775,-2.037447452545166,0
811659939332714496,0.4642002496150791,-0.33671772480010986,0
2468242350,0.15116336354727514,0.347644716501236,0
4895100863,0.008786990983489487,-1.4372966289520264,0
2426902464,0.012136154574263373,0.4645500183105469,0
478951960,0.2841154591479628,0.9696637988090516,0
16487348,0.0009003041875802418,-0.6018352508544922,0
2789078416,0.10232611718632124,-1.4201089143753052,0
419243176,0.001102293601165491,-0.7063512206077576,0
1482721279,0.020331741702094664,0.5375384092330933,0
284065462,0.005332401325743562,-1.9645975828170776,0
517700219,0.26952222271984777,1.882223963737488,0
2955762190,0.08240849710911723,-2.5481486320495605,0
4719889753,0.05510190208012648,-2.03328537940979,0
24132073,0.23525456141569745,-0.18458399176597595,0
3286871221,0.08240849710911723,2.0487282276153564,0
2232463300,0.004343671132312535,-2.255129337310791,0
871937413698002944,0.3681800501324056,0.4265297949314117,0
1278447090,0.0016259865512292823,-0.4168210923671721,0
919720064022085632,0.03365689160203539,-0.7051445245742798,0
1394699874,0.15944491083097856,-3.273871898651123,0
752215073431625729,0.09587673599164573,-1.0075054168701172,0
39488565,0.4751126940098,-1.3769500255584717,0
4377278475,0.0862847282072097,1.2707701921463013,0
874002221096161281,0.8529118353234648,0.9330905079841614,0
324375357,0.18539444299668395,-0.6165316700935364,0
209699254,0.04066053998409922,1.9555628299713133,0
101129043,0.031502660799197946,-0.227312371134758,0
